<?xml version="1.0" encoding="UTF-8" standalone="no"?>
<manifest>
    <application name="TrainingAppComplete">
        <crown name="TrainingAppComplete">
            <desc>user script</desc>
            <serves/>
        </crown>
        <crown name="Training">
            <desc>Namespace for various functions and events served by this TrainingApp</desc>
            <serves>
                <event name="OnProcessingFinished">
                    <desc/>
                    <param desc="Content of the read code" name="codeContent" type="string"/>
                </event>
                <function name="setCycleTime">
                    <desc>Setting a new cycle time and restarting the provider</desc>
                    <param desc="New cycle time value" name="newCycleTime" type="int"/>
                </function>
                <function name="getCycleTime">
                    <desc>Retrieve current cycle time</desc>
                    <return desc="Cycle time in ms" name="currentCycleTime" type="int"/>
                </function>
                <function name="takeSnapshot">
                    <desc/>
                </function>
            </serves>
        </crown>
        <meta key="author">Xandra Boge</meta>
        <meta key="version">1.0</meta>
        <meta key="priority">low</meta>
        <meta key="read-protected">false</meta>
        <meta key="copy-protected">false</meta>
        <entry default="App1.lua" path="scripts"/>
    </application>
</manifest>
