<?xml version="1.0" encoding="UTF-8" standalone="yes"?>
<manifest>
    <application name="TrainingApp1">
        <crown name="TrainingApp1">
            <desc>user script</desc>
            <serves/>
        </crown>
        <crown name="Training">
            <desc>Namespace for various functions and events served by this TrainingApp</desc>
            <serves>
                <event name="OnProcessingFinished">
                    <desc></desc>
                    <param name="codeContent" type="string" desc="Content of the read code"/>
                </event>
                <function name="setCycleTime">
                    <desc>Setting a new cycle time and restarting the provider</desc>
                    <param name="newCycleTime" type="int" desc="New cycle time value"/>
                </function>
                <function name="getCycleTime">
                    <desc>Retrieve current cycle time</desc>
                    <return name="currentCycleTime" type="int" desc="Cycle time in ms"/>
                </function>
                <function name="takeSnapshot">
                    <desc></desc>
                </function>
            </serves>
        </crown>
        <meta key="author">Xandra Boge</meta>
        <meta key="version">1.0</meta>
        <meta key="priority">low</meta>
        <meta key="read-protected">false</meta>
        <meta key="copy-protected">false</meta>
        <entry path="scripts" default="App1.lua"/>
    </application>
</manifest>
