<?xml version="1.0" encoding="UTF-8" standalone="no"?>
<manifest>
    <application name="QRCodeReader">
        <crown name="QRCodeReader">
            <desc>user script</desc>
            <serves/>
        </crown>
        <crown name="UI">
            <desc>No description yet...</desc>
            <serves>
                <event name="OnNewContent">
                    <desc>No description yet...</desc>
                    <param desc="No description yet..." name="content" type="string"/>
                </event>
                <function name="setValidContent">
                    <desc>No description yet...</desc>
                    <param desc="No description yet..." name="text" type="string"/>
                </function>
                <function name="getValidContent">
                    <desc>No description yet...</desc>
                    <return desc="No description yet..." name="text" type="string"/>
                </function>
                <function name="getGain">
                    <desc>No description yet...</desc>
                    <return desc="No description yet..." name="gain" type="float"/>
                </function>
                <function name="getExposureTime">
                    <desc>No description yet...</desc>
                    <return desc="No description yet..." name="exposureTime" type="float"/>
                </function>
                <function name="setGain">
                    <desc>No description yet...</desc>
                    <param desc="No description yet..." name="Gain" type="float"/>
                </function>
                <function name="setExposureTime">
                    <desc>No description yet...</desc>
                    <param desc="No description yet..." name="ExposureTime" type="int"/>
                </function>
                <function name="startManualTrigger">
                    <desc>No description yet...</desc>
                </function>
                <function name="setLiveMode">
                    <desc/>
                    <param desc="" multiplicity="1" name="activate" type="bool"/>
                </function>
                <function name="getLiveMode">
                    <desc>Sets the liveMode variable which defines the image source (live images from the camera or static ones from the 'resources' folder)</desc>
                    <return desc="'true' will process the live images from the camera, &#10;'false' will make use of the ones stores" multiplicity="1" name="return1" type="bool"/>
                </function>
                <function name="getCycleTime">
                    <desc/>
                    <return desc="" multiplicity="1" name="cycleTime" type="int"/>
                </function>
                <function name="setTriggerMode">
                    <desc/>
                    <param desc="" multiplicity="1" name="AutoCycleMode" type="bool"/>
                </function>
                <function name="getTriggerMode">
                    <desc/>
                    <return desc="" multiplicity="1" name="return1" type="bool"/>
                </function>
                <function name="getIsEngine">
                    <trait>released</trait>
                    <return desc="" multiplicity="1" name="isEngine" type="bool"/>
                </function>
                <function name="setCycleTime">
                    <desc/>
                    <param desc="" multiplicity="1" name="CycleTime" type="int"/>
                </function>
            </serves>
        </crown>
        <crown name="Image">
            <uses>
                <function name="getType"/>
                <function name="toGray"/>
            </uses>
            <crown name="Provider">
                <uses/>
                <crown name="Camera">
                    <uses>
                        <event name="OnNewImage"/>
                        <function name="disable"/>
                        <function name="create"/>
                        <function name="start"/>
                        <function name="enable"/>
                        <function name="register"/>
                        <function name="setConfig"/>
                    </uses>
                    <crown name="V2DConfig">
                        <uses>
                            <function name="setShutterTime"/>
                            <function name="setBurstLength"/>
                            <function name="create"/>
                            <function name="setGainFactor"/>
                            <function name="setIntLight"/>
                            <function name="setHorizontalFlip"/>
                            <function name="setVerticalFlip"/>
                        </uses>
                    </crown>
                </crown>
                <crown name="Directory">
                    <uses>
                        <function name="create"/>
                    </uses>
                </crown>
            </crown>
            <crown name="CodeReader">
                <desc>no description yet</desc>
                <uses/>
                <crown name="QR">
                    <desc>no description yet</desc>
                    <uses>
                        <function name="create"/>
                        <function name="decode"/>
                    </uses>
                </crown>
            </crown>
        </crown>
        <crown name="math">
            <uses>
                <function name="max"/>
                <function name="min"/>
            </uses>
        </crown>
        <crown name="Script">
            <uses>
                <function name="serveFunction"/>
                <function name="register"/>
                <function name="notifyEvent"/>
                <function name="serveEvent"/>
            </uses>
        </crown>
        <crown name="Engine">
            <uses>
                <event name="OnStarted"/>
                <function name="isEmulator"/>
                <function name="reloadApps"/>
            </uses>
        </crown>
        <crown name="View">
            <uses>
                <function name="addText"/>
                <function name="create"/>
                <function name="addImage"/>
                <function name="present"/>
                <function name="clear"/>
                <function name="addShape"/>
            </uses>
            <crown name="TextDecoration">
                <uses>
                    <function name="setPosition"/>
                    <function name="create"/>
                    <function name="setSize"/>
                </uses>
            </crown>
            <crown name="ShapeDecoration">
                <uses>
                    <function name="setLineWidth"/>
                    <function name="create"/>
                </uses>
            </crown>
        </crown>
        <crown name="LED">
            <uses>
                <function name="setColor"/>
                <function name="create"/>
                <function name="activate"/>
            </uses>
        </crown>
        <crown name="table">
            <uses>
                <function name="insert"/>
            </uses>
        </crown>
        <crown name="Timer">
            <uses>
                <event name="OnExpired"/>
                <function name="register"/>
                <function name="create"/>
                <function name="setPeriodic"/>
                <function name="start"/>
                <function name="stop"/>
                <function name="setExpirationTime"/>
            </uses>
        </crown>
        <crown name="Button">
            <uses>
                <event name="OnPressed"/>
                <function name="register"/>
                <function name="create"/>
            </uses>
        </crown>
        <crown name="Beeper">
            <desc>no description yet</desc>
            <uses>
                <function name="create"/>
                <function name="beep"/>
            </uses>
        </crown>
        <crown name="Parameters">
            <desc>no description yet</desc>
            <uses>
                <event name="OnParametersChanged"/>
                <function name="apply"/>
                <function name="set"/>
                <function name="get"/>
            </uses>
        </crown>
        <meta key="author">AppSpace Dev</meta>
        <meta key="version">1.0</meta>
        <meta key="priority">low</meta>
        <meta key="read-protected">false</meta>
        <meta key="copy-protected">false</meta>
        <entry default="main.lua" path="scripts"/>
    </application>
</manifest>
